0,1,2,3,4,5,6,7,8,9,10,11,12,13,14,15,16,17,18,19,20,21,22,23,24,25,26,27,28,29,30,31,32,33,34,35,36,37,38,39,40,41,42,43,44,45,46,47,48,49,50,51,52,53,54,55,56,57,58,59,60,61,62,label
0.7535238265991211,0.27324366569519043,1.1670883992564995e-07,0.7744203805923462,0.2526831030845642,-0.0014146716566756368,0.8043161630630493,0.2131076455116272,0.0005084277363494039,0.8290274739265442,0.18578459322452545,0.001460160012356937,0.8441707491874695,0.16451555490493774,0.005904527846723795,0.7842752933502197,0.1556309461593628,0.004276479594409466,0.8259934782981873,0.10091064125299454,-0.006982500199228525,0.8535698056221008,0.10234711319208145,-0.013796506449580193,0.8619561195373535,0.12176361680030823,-0.013690005987882614,0.7793450951576233,0.15037532150745392,0.004024730529636145,0.8213863372802734,0.09774191677570343,-0.0020044250413775444,0.8487281799316406,0.10372158885002136,-0.006206697318702936,0.8583292365074158,0.12089458107948303,-0.00724725192412734,0.780590832233429,0.14946585893630981,0.002278226427733898,0.8212226629257202,0.10510566830635071,0.0001717529521556571,0.8443915247917175,0.11046774685382843,-0.0012669649440795183,0.852581262588501,0.12343473732471466,-0.0011242381297051907,0.7874600291252136,0.15180696547031403,0.0001127191717387177,0.8200360536575317,0.11534642428159714,0.0008200520533137023,0.8420125246047974,0.11296778917312622,0.0022926859091967344,0.851047158241272,0.11952438205480576,0.004475025460124016,A
0.7452923059463501,0.2656388580799103,1.9267709205905703e-07,0.773947536945343,0.24836111068725586,-0.006389197893440723,0.8077225685119629,0.20993077754974365,-0.008446082472801208,0.8336307406425476,0.18221884965896606,-0.0109784584492445,0.851462185382843,0.1578272432088852,-0.010692384093999863,0.7778603434562683,0.15736447274684906,-0.005555975250899792,0.8139873743057251,0.10069730132818222,-0.0218688752502203,0.847235381603241,0.10003261268138885,-0.0328197106719017,0.8637006282806396,0.11790896952152252,-0.03568142652511597,0.7683206796646118,0.15166161954402924,-0.0054425387643277645,0.8048275113105774,0.09959147870540619,-0.016603311523795128,0.8393846750259399,0.10073856264352798,-0.024151969701051712,0.8584235906600952,0.11555612832307816,-0.02758209966123104,0.7663323879241943,0.14949694275856018,-0.006992472801357508,0.8031866550445557,0.10560917854309082,-0.013195277191698551,0.8345406651496887,0.10536764562129974,-0.016657313331961632,0.8526368141174316,0.11553975939750671,-0.01775851845741272,0.7697153687477112,0.15060855448246002,-0.009384889155626297,0.8006611466407776,0.1141558587551117,-0.011137653142213821,0.8281568884849548,0.10840309411287308,-0.010404654778540134,0.8442660570144653,0.11401515454053879,-0.008793949149549007,A
0.8389876484870911,0.2899418771266937,-4.476776211959077e-07,0.844161331653595,0.26067280769348145,-0.0016623667906969786,0.8579279780387878,0.22183756530284882,-0.0026055830530822277,0.8663420081138611,0.19156241416931152,-0.005476090591400862,0.8714682459831238,0.16810442507266998,-0.006547553930431604,0.918072521686554,0.20113524794578552,0.003430712968111038,0.9137681722640991,0.15538498759269714,-0.01006991509348154,0.8841844201087952,0.14456821978092194,-0.022076740860939026,0.8591058254241943,0.15682806074619293,-0.027866853401064873,0.9198753237724304,0.19810457527637482,-0.0007777838036417961,0.9140912294387817,0.15455743670463562,-0.009197129867970943,0.8857830166816711,0.14380256831645966,-0.016485650092363358,0.8610756993293762,0.15218354761600494,-0.020657511427998543,0.9141526222229004,0.19597968459129333,-0.0065559339709579945,0.9102794528007507,0.15475568175315857,-0.014097552746534348,0.8830459117889404,0.14346805214881897,-0.017068520188331604,0.8605102300643921,0.14997947216033936,-0.017920928075909615,0.9022245407104492,0.19441135227680206,-0.012738783843815327,0.8954898118972778,0.15686334669589996,-0.019782233983278275,0.8766816258430481,0.14377683401107788,-0.020320501178503036,0.8589014410972595,0.14660805463790894,-0.018193695694208145,A
0.760676383972168,0.26405489444732666,-2.6570477373866197e-08,0.7837257385253906,0.25135692954063416,-0.010057268664240837,0.8184294700622559,0.2151506096124649,-0.011786933057010174,0.8485763072967529,0.18884916603565216,-0.013525234535336494,0.868645429611206,0.16658440232276917,-0.011304090730845928,0.8042719960212708,0.14915426075458527,-0.008020469918847084,0.857106626033783,0.1034761518239975,-0.024350736290216446,0.8749223351478577,0.12139807641506195,-0.03282257914543152,0.8680503368377686,0.14879865944385529,-0.03225591406226158,0.7988530397415161,0.14318855106830597,-0.004782374948263168,0.8529587984085083,0.10061885416507721,-0.01659720577299595,0.8711059093475342,0.12465910613536835,-0.021726757287979126,0.8645316362380981,0.15042132139205933,-0.021373126655817032,0.7991959452629089,0.14295083284378052,-0.0034034540876746178,0.849982500076294,0.10686290264129639,-0.012222744524478912,0.8645594716072083,0.1283455789089203,-0.014911067672073841,0.8581616878509521,0.14989811182022095,-0.013232175260782242,0.8044645190238953,0.14629176259040833,-0.002683191793039441,0.845130205154419,0.11321946978569031,-0.008395382203161716,0.8619624376296997,0.12517598271369934,-0.00829512719064951,0.8585584759712219,0.14247530698776245,-0.005337901413440704,A
0.8128849267959595,0.29877233505249023,-8.426864184229999e-08,0.8216362595558167,0.27009859681129456,-0.0038190351333469152,0.8510086536407471,0.22689461708068848,-0.00212808046489954,0.8788409233093262,0.19808387756347656,-0.0019574917387217283,0.896608293056488,0.17401409149169922,0.0007463489891961217,0.8539592623710632,0.1821509301662445,0.008868497796356678,0.8905266523361206,0.14408281445503235,-0.0031295781955122948,0.8993037343025208,0.1409166157245636,-0.01270656194537878,0.8883431553840637,0.15060481429100037,-0.015156853944063187,0.8605651259422302,0.18583515286445618,0.007824237458407879,0.8962060809135437,0.15200288593769073,-0.00035835246671922505,0.9055538773536682,0.15098881721496582,-0.00805738102644682,0.8952808976173401,0.15670689940452576,-0.011440213769674301,0.8659876585006714,0.19169233739376068,0.004453792702406645,0.90167236328125,0.16115498542785645,-0.0033246970269829035,0.9075949192047119,0.1615431308746338,-0.007038621231913567,0.8958805799484253,0.1649380624294281,-0.007093262393027544,0.8711251020431519,0.19878430664539337,0.0006017916603013873,0.9022930264472961,0.16754896938800812,-0.0038190106861293316,0.9112333059310913,0.16326838731765747,-0.003197256475687027,0.9039510488510132,0.16407501697540283,-0.0008354127057828009,A
0.823737621307373,0.29562756419181824,-2.405989221188065e-07,0.8313393592834473,0.2731379568576813,-0.009673918597400188,0.8609178066253662,0.23829561471939087,-0.008643032982945442,0.8862324953079224,0.2123127579689026,-0.008024868555366993,0.9017333984375,0.1894979029893875,-0.004730782937258482,0.8833926916122437,0.2128198742866516,0.005866086110472679,0.901218056678772,0.17406423389911652,-0.007893840782344341,0.8872143030166626,0.15610086917877197,-0.0194393303245306,0.8663259744644165,0.15549150109291077,-0.02393558993935585,0.8873255252838135,0.2118026316165924,0.007105238735675812,0.9092214107513428,0.17833726108074188,-0.002078126184642315,0.8955429792404175,0.1610390692949295,-0.009127003140747547,0.8750420808792114,0.15791021287441254,-0.011728699319064617,0.8879678249359131,0.2123326063156128,0.0051976158283650875,0.9107996225357056,0.18072742223739624,-0.005072875879704952,0.8954271674156189,0.1642186939716339,-0.008843080140650272,0.876004159450531,0.15971341729164124,-0.0082817692309618,0.8864703178405762,0.21382609009742737,0.0019836779683828354,0.903454601764679,0.18380732834339142,-0.0066871242597699165,0.8961362242698669,0.1662863940000534,-0.008505062200129032,0.8819578886032104,0.16062119603157043,-0.006791757419705391,A
0.7745922207832336,0.2475031316280365,-2.1302457753336057e-07,0.7908802628517151,0.23228684067726135,-0.005812604911625385,0.8179936408996582,0.19402822852134705,-0.00663662189617753,0.8390623927116394,0.16334432363510132,-0.009340666234493256,0.8495513200759888,0.1413179486989975,-0.008761256001889706,0.8053539991378784,0.13777941465377808,-0.001899147406220436,0.845927894115448,0.09270209819078445,-0.019396021962165833,0.8442478179931641,0.10956732928752899,-0.02913498505949974,0.8293534517288208,0.13687452673912048,-0.030194638296961784,0.8011832237243652,0.13397835195064545,-0.003192654810845852,0.8427812457084656,0.09224813431501389,-0.017078371718525887,0.8445034027099609,0.11394356191158295,-0.02125600166618824,0.8330597877502441,0.13936346769332886,-0.01962023228406906,0.8008164167404175,0.13368268311023712,-0.006711715366691351,0.8409708142280579,0.09457381069660187,-0.019617628306150436,0.8415882587432861,0.1158457100391388,-0.01874903216958046,0.8304056525230408,0.13973160088062286,-0.013369427993893623,0.8028698563575745,0.13583071529865265,-0.010725193656980991,0.8346201181411743,0.10019952058792114,-0.0196243803948164,0.8385329246520996,0.11297301203012466,-0.016825538128614426,0.8306032419204712,0.13459384441375732,-0.01096376869827509,A
0.7826592326164246,0.2846352756023407,-5.964839289163137e-08,0.8042768239974976,0.2625957131385803,-0.003934643696993589,0.8470789790153503,0.2213999629020691,0.001195329474285245,0.8807898163795471,0.1942434012889862,0.005021275486797094,0.9042336940765381,0.17164137959480286,0.012070843018591404,0.8386185765266418,0.1665927618741989,0.008492889814078808,0.8910865783691406,0.1302150934934616,-0.0037120983470231295,0.9110472798347473,0.14794093370437622,-0.01063499040901661,0.9029415845870972,0.17310063540935516,-0.009752174839377403,0.8429633378982544,0.16808240115642548,0.009243612177670002,0.8937659859657288,0.13441862165927887,0.0011807783739641309,0.9116174578666687,0.15557058155536652,-0.0044545019045472145,0.9043492674827576,0.17683392763137817,-0.005334880668669939,0.8486665487289429,0.17425629496574402,0.007540311198681593,0.897702693939209,0.1457671970129013,-0.0005391193553805351,0.9104660153388977,0.16518083214759827,-0.004124860744923353,0.9011206030845642,0.1821991205215454,-0.003330809995532036,0.8565082550048828,0.1825622320175171,0.005592677276581526,0.8997949957847595,0.15223009884357452,-0.0007024931837804615,0.912854790687561,0.16418689489364624,-0.0008130207424983382,0.9046510457992554,0.17879019677639008,0.0018684642855077982,A
0.5628177523612976,0.3479561507701874,1.8664688639091764e-07,0.5797114968299866,0.33042681217193604,-6.379275873769075e-05,0.6011643409729004,0.3106325566768646,-0.002074918244034052,0.6144245862960815,0.29326537251472473,-0.005745783913880587,0.6219279766082764,0.2771880626678467,-0.009934687055647373,0.6381602883338928,0.30011746287345886,-0.0023078839294612408,0.6706807613372803,0.27526918053627014,-0.010895530693233013,0.6934053301811218,0.2566198706626892,-0.01898665726184845,0.7091705799102783,0.24261730909347534,-0.024554738774895668,0.6374568939208984,0.2988593280315399,-0.009093171916902065,0.6720983982086182,0.2738785445690155,-0.014672982506453991,0.6932005286216736,0.25461873412132263,-0.021233417093753815,0.7068837285041809,0.23944443464279175,-0.026324987411499023,0.6293156743049622,0.29702961444854736,-0.016633547842502594,0.6577024459838867,0.2720954418182373,-0.02184038795530796,0.6738203167915344,0.2503771185874939,-0.028466995805501938,0.684283435344696,0.23403418064117432,-0.03385108336806297,0.6148940920829773,0.2938249707221985,-0.024445055052638054,0.6204884648323059,0.27189916372299194,-0.030916333198547363,0.6190006136894226,0.25582173466682434,-0.034924738109111786,0.6133904457092285,0.24425554275512695,-0.03747172653675079,C
0.49406126141548157,0.5476892590522766,3.264821941684204e-07,0.5226865410804749,0.5302304029464722,-0.03511415421962738,0.5449036955833435,0.4963456690311432,-0.06049004942178726,0.5610585808753967,0.46626561880111694,-0.08110000938177109,0.5755243301391602,0.4419080317020416,-0.1008797213435173,0.4925917387008667,0.47286924719810486,-0.05796387791633606,0.5051116347312927,0.4212915599346161,-0.08470764011144638,0.5243217945098877,0.4021303057670593,-0.09943508356809616,0.5402392148971558,0.3976752758026123,-0.10647629201412201,0.46985357999801636,0.47134020924568176,-0.0487937405705452,0.48276594281196594,0.4166276454925537,-0.069390669465065,0.5001667141914368,0.40012866258621216,-0.07389166206121445,0.5128816962242126,0.3966148793697357,-0.07572286576032639,0.45680272579193115,0.4716838002204895,-0.04188626632094383,0.4691484570503235,0.4215269982814789,-0.05755441263318062,0.4846377372741699,0.4080658555030823,-0.056659724563360214,0.4970811605453491,0.4033401608467102,-0.05436723679304123,0.4501083791255951,0.4749336540699005,-0.03797219693660736,0.4610275328159332,0.43408623337745667,-0.048043765127658844,0.47500714659690857,0.4193309247493744,-0.04776535555720329,0.48810529708862305,0.41246262192726135,-0.04594412073493004,E
0.7020693421363831,0.6652818322181702,-2.969912031858257e-07,0.725296139717102,0.6445983648300171,0.003177892416715622,0.7568209171295166,0.6291913390159607,0.006973533425480127,0.7809656858444214,0.61776202917099,0.008381453342735767,0.7988685965538025,0.606174647808075,0.011449279263615608,0.7906772494316101,0.6324516534805298,0.016231242567300797,0.8195310235023499,0.6102184057235718,0.008817245252430439,0.8134837746620178,0.5903189778327942,0.0008557000546716154,0.7978013157844543,0.581667423248291,-0.002366739558055997,0.7949121594429016,0.6322040557861328,0.012608608230948448,0.8236780166625977,0.6112201809883118,0.009588619694113731,0.819061279296875,0.5937780141830444,0.004704949911683798,0.805679440498352,0.5853387713432312,0.0019349898211658,0.7954027056694031,0.6320633292198181,0.007185607682913542,0.8223825693130493,0.6130667328834534,0.005537301301956177,0.8175992965698242,0.5962821841239929,0.003390240715816617,0.8065944910049438,0.5871416330337524,0.002232335275039077,0.7932994365692139,0.6322255730628967,0.0015196778113022447,0.8150322437286377,0.6141040921211243,0.00092305988073349,0.8153226375579834,0.5988905429840088,0.001141690299846232,0.8077424168586731,0.5889286398887634,0.0021525484044104815,L
0.7250959873199463,0.7059276700019836,-1.5482972059999156e-07,0.738837718963623,0.6888031959533691,-0.004968727473169565,0.7642381191253662,0.6697815656661987,-0.003931701648980379,0.7827895283699036,0.6546056866645813,-0.0029837533365935087,0.7968162298202515,0.6447287797927856,3.086052311118692e-05,0.7953256368637085,0.6875510215759277,0.00457582576200366,0.824471116065979,0.6757920980453491,-0.0009698811918497086,0.8250706195831299,0.6597720384597778,-0.006161053199321032,0.815136194229126,0.6503105759620667,-0.007941868156194687,0.7996111512184143,0.6903707385063171,0.005750660318881273,0.8294090032577515,0.6811689138412476,0.0024420996196568012,0.8294957876205444,0.6648995280265808,-0.0012149806134402752,0.820100724697113,0.65477055311203,-0.0023102674167603254,0.8013244867324829,0.6926319003105164,0.005346977151930332,0.829267144203186,0.6844472289085388,0.0026938545051962137,0.8298786282539368,0.6681821346282959,0.0005402215756475925,0.8231350779533386,0.6575122475624084,0.0005263974308036268,0.8005332350730896,0.6941567063331604,0.004346756264567375,0.8242690563201904,0.6858963966369629,0.0026840073987841606,0.8287367820739746,0.6730197072029114,0.0025056814774870872,0.8248883485794067,0.6638709306716919,0.003919126465916634,L
0.7102847099304199,0.6658454537391663,-1.872496113719535e-07,0.729297935962677,0.6492069363594055,0.0004259794077370316,0.7588422894477844,0.6367998123168945,0.0031679871026426554,0.7828550934791565,0.6289131045341492,0.004217876121401787,0.8009902238845825,0.6195417642593384,0.006949118338525295,0.7859981060028076,0.6362418532371521,0.01356139313429594,0.813982367515564,0.6184582710266113,0.007491599302738905,0.8121208548545837,0.6026111841201782,0.0007177205989137292,0.8012282252311707,0.5952426195144653,-0.0020769922994077206,0.7887538075447083,0.6366223096847534,0.01137138344347477,0.8156285285949707,0.6215232014656067,0.009169145487248898,0.8137997984886169,0.6070001125335693,0.004679962992668152,0.8041629791259766,0.598751962184906,0.002046640031039715,0.7886962890625,0.6368310451507568,0.007401894778013229,0.8144212961196899,0.6241150498390198,0.005817872937768698,0.8130126595497131,0.609695315361023,0.004133901558816433,0.8053117394447327,0.6004274487495422,0.003343793097883463,0.7867903113365173,0.637057363986969,0.0029898290522396564,0.8084086775779724,0.6236904859542847,0.002905781613662839,0.8110530972480774,0.6119085550308228,0.004037266131490469,0.8066979646682739,0.6039178967475891,0.005496807862073183,L
0.7173741459846497,0.6465486288070679,9.926906585633333e-08,0.729038655757904,0.6350451707839966,-0.01069819089025259,0.7471180558204651,0.6255728602409363,-0.014735941775143147,0.7596844434738159,0.6179073452949524,-0.017623525112867355,0.7686486840248108,0.6116998195648193,-0.01922437734901905,0.7733450531959534,0.6242244839668274,-0.005519471131265163,0.8038730025291443,0.6234050393104553,-0.013719811104238033,0.8171865344047546,0.6142587065696716,-0.02039451152086258,0.8231012225151062,0.604151725769043,-0.023848658427596092,0.7744730114936829,0.6237248778343201,-0.0031145962420850992,0.8040308952331543,0.6221334338188171,-0.01009720005095005,0.8146505355834961,0.6092284321784973,-0.014926213771104813,0.8181310296058655,0.5966362357139587,-0.017248202115297318,0.77470463514328,0.6227847933769226,-0.002479568822309375,0.8007521629333496,0.6184778809547424,-0.008180673234164715,0.8105520009994507,0.6064934730529785,-0.011008590459823608,0.8144348859786987,0.5951692461967468,-0.011672175489366055,0.7743259072303772,0.6223850846290588,-0.0029776208102703094,0.7961137294769287,0.6179171204566956,-0.0068975333124399185,0.8069135546684265,0.6098313927650452,-0.008139373734593391,0.8125539422035217,0.6016110777854919,-0.008038143627345562,L
0.7137085795402527,0.6648534536361694,-6.480347991555391e-08,0.7259402871131897,0.6494140625,-0.004872393328696489,0.749914824962616,0.6329895853996277,-0.004391372669488192,0.7680460214614868,0.6216385960578918,-0.004042845219373703,0.7811691164970398,0.6115759015083313,-0.001670059747993946,0.7786799669265747,0.6326913237571716,0.004598765634000301,0.8090543746948242,0.6242672801017761,-0.0015926748747006059,0.8102327585220337,0.6104474663734436,-0.006633061449974775,0.8012562990188599,0.6025314927101135,-0.008198769763112068,0.7814475297927856,0.635151743888855,0.005063102580606937,0.8134127855300903,0.6292206645011902,0.001491424161940813,0.8148900866508484,0.61409991979599,-0.0012098653241991997,0.8068426251411438,0.6048653721809387,-0.001736337086185813,0.7813178300857544,0.637345016002655,0.003618895309045911,0.8107224106788635,0.6322076320648193,0.0008697091252543032,0.8130583167076111,0.6172329187393188,-0.00037886807695031166,0.8071592450141907,0.6071479320526123,-3.0510807846440002e-05,0.7791323065757751,0.6391087174415588,0.0013779897708445787,0.8020221590995789,0.6328611373901367,-0.0009228477138094604,0.8086474537849426,0.6213177442550659,-0.0015524278860539198,0.8068146705627441,0.6128373146057129,-0.0006678368081338704,L
0.7096877694129944,0.6658939123153687,-1.560354547791576e-07,0.7274583578109741,0.6443102955818176,-0.000434007408330217,0.7534255385398865,0.6296781301498413,0.001014165347442031,0.7757632732391357,0.6201584935188293,0.0009492524550296366,0.7919793725013733,0.6112918257713318,0.0027617597952485085,0.7875996232032776,0.6405848264694214,0.012317108921706676,0.8180431723594666,0.6253125667572021,0.006850741803646088,0.8151047229766846,0.6104374527931213,0.000272382574621588,0.8028879165649414,0.6031252145767212,-0.002596599981188774,0.7901829481124878,0.6416451930999756,0.010895404033362865,0.8182774186134338,0.6273940205574036,0.009075302630662918,0.8161610960960388,0.6143373847007751,0.00427182437852025,0.8062809109687805,0.6071563363075256,0.0011716807493939996,0.789921224117279,0.6417420506477356,0.007846254855394363,0.8155890703201294,0.6289321184158325,0.007199775893241167,0.8137271404266357,0.6160058379173279,0.005432632751762867,0.8049970269203186,0.6079944372177124,0.004323900211602449,0.7877287864685059,0.6410878300666809,0.0043347058817744255,0.80948805809021,0.6286390423774719,0.005160229280591011,0.8111590147018433,0.6173639297485352,0.006391544826328754,0.8050739765167236,0.610004186630249,0.007853860966861248,L
0.7156654596328735,0.6638823747634888,9.244987353440592e-08,0.7366408109664917,0.6500902771949768,-0.005297547206282616,0.7668508887290955,0.6393423080444336,-0.003026199759915471,0.7912046909332275,0.6340450644493103,-0.00030547764617949724,0.8089509606361389,0.6252591013908386,0.0038901506923139095,0.7805585861206055,0.6323419213294983,0.012880673632025719,0.8058328628540039,0.6231589913368225,0.014114395715296268,0.8155066967010498,0.6162956357002258,0.011489193886518478,0.81973797082901,0.6100211143493652,0.0100208455696702,0.7796571850776672,0.632379412651062,0.015945950523018837,0.8042033314704895,0.6264601945877075,0.019823269918560982,0.8149305582046509,0.6197747588157654,0.01656482368707657,0.8210079073905945,0.612560510635376,0.013909406028687954,0.7778773307800293,0.6334528923034668,0.017273830249905586,0.8012058734893799,0.6288046836853027,0.02145383507013321,0.8116338849067688,0.6231744289398193,0.02039671130478382,0.8188570141792297,0.616007924079895,0.018872210755944252,0.7761608958244324,0.6357797980308533,0.01755532994866371,0.7964310646057129,0.6315153241157532,0.02168283239006996,0.8059715032577515,0.6268368363380432,0.02347499504685402,0.8125442862510681,0.6212247014045715,0.024588407948613167,L
0.7095138430595398,0.652181088924408,-1.7928371676134702e-08,0.7262616753578186,0.6310696005821228,-0.002858527470380068,0.7506320476531982,0.6135357618331909,-0.00046871084487065673,0.7680812478065491,0.6010324358940125,0.0018672036239877343,0.7810114622116089,0.5909860134124756,0.005771555006504059,0.7789011597633362,0.6236885190010071,0.00956810638308525,0.8071085810661316,0.6185296773910522,0.006977258715778589,0.8159729242324829,0.6075361371040344,0.003032523673027754,0.817533016204834,0.5977227091789246,0.0011633849935606122,0.7797507643699646,0.6245574951171875,0.010120013728737831,0.8081448674201965,0.6198651790618896,0.009380059316754341,0.8156140446662903,0.6079068183898926,0.006277726963162422,0.8161931037902832,0.5967639088630676,0.004433058202266693,0.779417097568512,0.6249309778213501,0.009031691588461399,0.805275022983551,0.6198610663414001,0.008804583922028542,0.8127379417419434,0.6089836955070496,0.007049645762890577,0.8146377801895142,0.5988559722900391,0.006142213474959135,0.7781432867050171,0.6256000995635986,0.007302998565137386,0.7995201349258423,0.6192917227745056,0.007404057774692774,0.8087041974067688,0.6112473607063293,0.007313184440135956,0.8123021721839905,0.6034391522407532,0.007766381371766329,L
0.7180353403091431,0.6595733165740967,-2.1440189357235795e-07,0.7313504815101624,0.6365017890930176,-0.0006205987883731723,0.7549006938934326,0.6177157163619995,0.0010703456355258822,0.7721649408340454,0.6049060821533203,0.0016705261077731848,0.7848846912384033,0.5954026579856873,0.00406391778960824,0.7909179329872131,0.6336644887924194,0.007680478971451521,0.817913293838501,0.6183027625083923,0.0016011197585612535,0.8135923743247986,0.6002216935157776,-0.0039693014696240425,0.7998424768447876,0.5911033749580383,-0.005971795413643122,0.7945324778556824,0.63639235496521,0.0061605507507920265,0.8201649188995361,0.6212928295135498,0.0032125688157975674,0.8158174157142639,0.6041072010993958,0.000250441167736426,0.8040077686309814,0.5952838659286499,-0.0009556866134516895,0.7946949601173401,0.6374380588531494,0.00319459056481719,0.8187040686607361,0.6227642893791199,0.0004221745184622705,0.8144940733909607,0.6061961054801941,-0.0011925590224564075,0.8044003844261169,0.5968878865242004,-0.0014822486555203795,0.7919741272926331,0.6371719837188721,2.472462074365467e-05,0.8109623193740845,0.6219068765640259,-0.0021434391383081675,0.8103084564208984,0.6075275540351868,-0.0018734888872131705,0.8026390671730042,0.5988129377365112,-0.0004365814384073019,L
0.7189531326293945,0.6528030633926392,4.6692189670238804e-08,0.7345566749572754,0.6409502029418945,-0.004380585625767708,0.7576668858528137,0.6309508085250854,-0.003784166183322668,0.77394038438797,0.6240866184234619,-0.002912404714152217,0.7854385375976562,0.6172990202903748,-0.0008467406732961535,0.7767586708068848,0.6301347017288208,0.003129019169136882,0.8048023581504822,0.6264214515686035,-0.0014044729759916663,0.8163381218910217,0.6177425980567932,-0.00601293845102191,0.8206344842910767,0.6090013384819031,-0.008156011812388897,0.7774763107299805,0.6287837624549866,0.004048498347401619,0.8048628568649292,0.6248074769973755,0.0004827246011700481,0.8152574896812439,0.6142637729644775,-0.003928140737116337,0.8193947672843933,0.6037625074386597,-0.006228768266737461,0.7773451209068298,0.6284450888633728,0.0037332819774746895,0.8024860620498657,0.6240279674530029,0.0011981030693277717,0.8127627372741699,0.6142768263816833,-0.0018928287317976356,0.8177124261856079,0.6047108769416809,-0.00334088783711195,0.7764344215393066,0.6289913654327393,0.002856999635696411,0.797650158405304,0.6246235966682434,0.0013280833372846246,0.8080954551696777,0.6173624992370605,0.0003271258610766381,0.8139805793762207,0.609961748123169,0.0002423338737571612,L
0.7149667143821716,0.6529257297515869,-3.897322642387735e-08,0.7299628257751465,0.6364938020706177,-0.0067242528311908245,0.7555211186408997,0.6219404339790344,-0.004562371876090765,0.773953914642334,0.6123480200767517,-0.0014106117887422442,0.7864691615104675,0.6041629910469055,0.003956703003495932,0.7832775712013245,0.6273245215415955,0.006730671972036362,0.8134883046150208,0.6202892661094666,0.0026424454990774393,0.8180716633796692,0.6061623096466064,-0.001896610134281218,0.8130988478660583,0.5952289700508118,-0.0032072600442916155,0.785561740398407,0.6282568573951721,0.009712492115795612,0.8162694573402405,0.6241753697395325,0.008185711689293385,0.8210315704345703,0.6097762584686279,0.0046730018220841885,0.8171897530555725,0.5974670052528381,0.0032912830356508493,0.7857852578163147,0.6288487315177917,0.010587221942842007,0.8135799765586853,0.6256483197212219,0.009163917042315006,0.8181260824203491,0.6127045154571533,0.005790472496300936,0.8164978623390198,0.6005290746688843,0.004450756590813398,0.7847913503646851,0.6298421621322632,0.010682785883545876,0.8066885471343994,0.6255638599395752,0.009468406438827515,0.8145606517791748,0.6165304780006409,0.007851144298911095,0.8161042332649231,0.6079347133636475,0.007742336951196194,L
0.7120053768157959,0.6565840840339661,-1.4920138369234337e-07,0.7302326560020447,0.6359406113624573,-0.0032469669822603464,0.7564468383789062,0.6219292879104614,-0.002125372877344489,0.7780382037162781,0.6125773787498474,-0.0017860159277915955,0.7943565249443054,0.6026066541671753,0.0005387153360061347,0.7894846796989441,0.6295351386070251,0.01055330503731966,0.819243311882019,0.6148451566696167,0.004080794285982847,0.8189149498939514,0.5964539051055908,-0.0029155605006963015,0.8093545436859131,0.5867412686347961,-0.006045190151780844,0.7919151186943054,0.6301880478858948,0.01044173538684845,0.8208854794502258,0.6167786717414856,0.007153023965656757,0.8201739192008972,0.6000537276268005,0.0023487398866564035,0.812225878238678,0.590035080909729,-0.00041057486669160426,0.7917534112930298,0.630495011806488,0.008217212744057178,0.8188970685005188,0.618620753288269,0.0054900203831493855,0.8187419176101685,0.602202296257019,0.002809225581586361,0.8119845986366272,0.5910536050796509,0.001611140207387507,0.7898649573326111,0.6313588619232178,0.005310290027409792,0.8123294711112976,0.6198936700820923,0.003434650832787156,0.8167794346809387,0.6063972115516663,0.002631050767377019,0.8134321570396423,0.5961166620254517,0.0029968945309519768,L
0.7030085921287537,0.6345176100730896,-2.6893511062553443e-07,0.7239956855773926,0.6081716418266296,-0.0004564192786347121,0.7534670829772949,0.5878894925117493,0.0007481173961423337,0.7751113772392273,0.5709816217422485,0.00027145774220116436,0.7907742261886597,0.5579090118408203,0.0013596188509836793,0.7971187829971313,0.6016631126403809,0.01200593076646328,0.824586033821106,0.576260507106781,0.004565443843603134,0.8197263479232788,0.5555172562599182,-0.004455194342881441,0.8065705299377441,0.5435829162597656,-0.008940165862441063,0.799956738948822,0.6031770706176758,0.009596806950867176,0.8258807063102722,0.5775978565216064,0.0060719517059624195,0.8223796486854553,0.5585711002349854,-0.0009501073509454727,0.8100563883781433,0.5463128089904785,-0.00548248877748847,0.7988356351852417,0.6034905314445496,0.005534857511520386,0.8229491114616394,0.5803109407424927,0.003036345122382045,0.8194368481636047,0.5621446371078491,-0.0007562535465694964,0.8090909719467163,0.5496309995651245,-0.0027919993735849857,0.7945272326469421,0.6032806634902954,0.0010688159381970763,0.8147802352905273,0.5830173492431641,0.0008437438518740237,0.8153807520866394,0.5673888325691223,0.001222082762978971,0.8089741468429565,0.5550161600112915,0.0023502379190176725,L
0.5536273121833801,0.6599799394607544,-4.1115234239441634e-07,0.5641888380050659,0.5911954641342163,-0.0009961581090465188,0.6025770902633667,0.5217079520225525,-0.0006973885465413332,0.6334436535835266,0.47288110852241516,-0.005007857922464609,0.6575734615325928,0.43402987718582153,-0.0083332359790802,0.6889568567276001,0.5367540717124939,0.01980794593691826,0.7314146757125854,0.49861884117126465,0.0005815448239445686,0.7226365208625793,0.4680398106575012,-0.018706463277339935,0.6972389221191406,0.4502953290939331,-0.02906564623117447,0.701690673828125,0.5615376234054565,0.009327462874352932,0.7374792098999023,0.5195627212524414,-0.0033179440069943666,0.7230203747749329,0.4891912341117859,-0.015627525746822357,0.696721076965332,0.4725154936313629,-0.022574955597519875,0.703736424446106,0.5902442932128906,-0.005028015933930874,0.7336422204971313,0.5462154746055603,-0.019394997507333755,0.708893895149231,0.5207430720329285,-0.020806679502129555,0.6781492233276367,0.5096858143806458,-0.01916525885462761,0.6971412301063538,0.6228940486907959,-0.020345628261566162,0.7091948390007019,0.586493194103241,-0.03256073594093323,0.6821855902671814,0.5709478259086609,-0.029581109061837196,0.6513543128967285,0.567099928855896,-0.02406509406864643,M
0.5397381782531738,0.14275765419006348,-1.9973167297848704e-07,0.5092065334320068,0.14882799983024597,-0.013791593722999096,0.4644466042518616,0.14192304015159607,-0.019084447994828224,0.4277842342853546,0.13995906710624695,-0.022388571873307228,0.400308758020401,0.1418549120426178,-0.02380301244556904,0.46258461475372314,0.09051227569580078,-0.0044931089505553246,0.42358285188674927,0.08082230389118195,-0.01493851188570261,0.39760658144950867,0.08892649412155151,-0.025756293907761574,0.3801681101322174,0.10225479304790497,-0.031646110117435455,0.462421715259552,0.08681393414735794,-0.00044425801024772227,0.4242180585861206,0.0778975859284401,-0.006474391557276249,0.40094083547592163,0.08562865853309631,-0.01267142966389656,0.3841162919998169,0.09816419333219528,-0.016312411054968834,0.4645363390445709,0.08780760318040848,0.0011013170005753636,0.42940494418144226,0.08081664890050888,-0.0038548277225345373,0.40725529193878174,0.08807207643985748,-0.0077015128917992115,0.39040568470954895,0.09894964098930359,-0.009442264214158058,0.4684182405471802,0.09184730798006058,0.0012873830273747444,0.4379328191280365,0.08722769469022751,-0.0022280821576714516,0.42012152075767517,0.09249408543109894,-0.00325274677015841,0.4066280126571655,0.10107529163360596,-0.002893335884436965,X
0.6709268093109131,0.19830963015556335,-3.597241118313832e-07,0.6564445495605469,0.1751272827386856,-7.102920790202916e-05,0.6481632590293884,0.14408105611801147,-0.0021604401990771294,0.6395483613014221,0.1213880330324173,-0.006925083231180906,0.6291965842247009,0.10732463747262955,-0.010832949541509151,0.6726250052452087,0.10490478575229645,0.006090884562581778,0.6488621830940247,0.07074509561061859,-0.0058981128968298435,0.6266627907752991,0.07736675441265106,-0.01649862714111805,0.6180882453918457,0.09580866247415543,-0.02160406857728958,0.6724536418914795,0.10243304818868637,0.0013360341545194387,0.6471759080886841,0.06964724510908127,-0.007778855971992016,0.6252133250236511,0.07737252116203308,-0.014336337335407734,0.616834282875061,0.09545505791902542,-0.017194924876093864,0.6701178550720215,0.10351909697055817,-0.005000940058380365,0.6459039449691772,0.07269269973039627,-0.011907743290066719,0.6245802640914917,0.08030784875154495,-0.013868573121726513,0.6177257895469666,0.09640420228242874,-0.013654673472046852,0.6662576198577881,0.10726158320903778,-0.011741800233721733,0.6446589827537537,0.08195977658033371,-0.015936005860567093,0.6272279620170593,0.08372005075216293,-0.015054261311888695,0.6204946041107178,0.09469515085220337,-0.012652179226279259,Z
0.6789752840995789,0.19351154565811157,-2.8887444614156266e-07,0.6583643555641174,0.17130541801452637,-0.004762620199471712,0.6449361443519592,0.14358913898468018,-0.008152760565280914,0.6326894164085388,0.12026559561491013,-0.01268988661468029,0.6219662427902222,0.10607887804508209,-0.015917744487524033,0.6727396845817566,0.10151085257530212,0.0023952103219926357,0.6473791599273682,0.0699649229645729,-0.008145898580551147,0.627124547958374,0.07392215728759766,-0.018366185948252678,0.6172529458999634,0.08936953544616699,-0.023170361295342445,0.6734422445297241,0.09839604049921036,0.001335452077910304,0.6468154191970825,0.06766116619110107,-0.006114807911217213,0.6275845170021057,0.07384515553712845,-0.013055914081633091,0.6172035336494446,0.09015996009111404,-0.01640179008245468,0.6717097163200378,0.09890587627887726,-0.0012855541426688433,0.6469321250915527,0.0703091025352478,-0.006859802175313234,0.6282176971435547,0.07598471641540527,-0.009899198077619076,0.6189131736755371,0.09106622636318207,-0.010399572551250458,0.6679158210754395,0.10249041765928268,-0.004528794903308153,0.6475061178207397,0.07840128988027573,-0.007031077519059181,0.6325668096542358,0.07966828346252441,-0.006220683455467224,0.624396800994873,0.0899718627333641,-0.0040016197599470615,Z
0.678223192691803,0.18522605299949646,-2.64802679339482e-07,0.6601119637489319,0.1666085422039032,-0.004740648437291384,0.6480296850204468,0.1418311893939972,-0.008436519652605057,0.6429007053375244,0.12065250426530838,-0.01335414219647646,0.6385596990585327,0.10681565850973129,-0.016864605247974396,0.6696597337722778,0.10002158582210541,0.0011725816875696182,0.6468474268913269,0.07189227640628815,-0.009960888884961605,0.6308456063270569,0.07914981245994568,-0.020355336368083954,0.6254303455352783,0.09549716860055923,-0.02519434690475464,0.6716178059577942,0.09824711084365845,-0.00026225310284644365,0.6495457887649536,0.07092227041721344,-0.008524871431291103,0.6341913342475891,0.07876032590866089,-0.015534400008618832,0.6279072761535645,0.09531120955944061,-0.018557531759142876,0.6715801358222961,0.09939515590667725,-0.003223480423912406,0.6515528559684753,0.07380346953868866,-0.009575462900102139,0.636476993560791,0.0809364840388298,-0.012181689962744713,0.6305516362190247,0.09572520107030869,-0.011850756593048573,0.6702940464019775,0.10332555323839188,-0.00680259894579649,0.6526885032653809,0.07959654927253723,-0.009817538782954216,0.6391023397445679,0.08056049048900604,-0.008747917599976063,0.6321055889129639,0.09026956558227539,-0.0059897336177527905,Z
0.6763386130332947,0.1924348771572113,-2.879397982269438e-07,0.6532980799674988,0.17348669469356537,-0.005058166105300188,0.6380907893180847,0.14392387866973877,-0.007907744497060776,0.6280027627944946,0.11997996270656586,-0.011501274071633816,0.6196768283843994,0.10423494875431061,-0.01375540066510439,0.6639236807823181,0.10287165641784668,0.0002504135190974921,0.6375835537910461,0.06966711580753326,-0.00981923844665289,0.6175979375839233,0.07320668548345566,-0.01916714757680893,0.6100269556045532,0.08782413601875305,-0.02362927794456482,0.6661232113838196,0.09990810602903366,-0.0005962174036540091,0.6395066976547241,0.06794676929712296,-0.007265700958669186,0.6200585961341858,0.07200350612401962,-0.013149385340511799,0.6117507219314575,0.08663596957921982,-0.016111712902784348,0.6662132740020752,0.10029342770576477,-0.0029470010194927454,0.6416006088256836,0.07085464149713516,-0.008016183972358704,0.6228150725364685,0.07382308691740036,-0.010248295031487942,0.6155170202255249,0.08607231825590134,-0.010491296648979187,0.6644629240036011,0.10366293787956238,-0.005941381212323904,0.643237829208374,0.0778060108423233,-0.008918249979615211,0.6268863677978516,0.07514617592096329,-0.008220515213906765,0.6186782717704773,0.08178997039794922,-0.006098854821175337,Z
0.6810145974159241,0.19534461200237274,-1.7800677198920312e-07,0.6666869521141052,0.17724686861038208,-0.0030610873363912106,0.6591062545776367,0.15217559039592743,-0.00642029196023941,0.6574235558509827,0.1317296326160431,-0.011325434781610966,0.6563512086868286,0.11831193417310715,-0.014835688285529613,0.6660863757133484,0.11054851114749908,0.0020266997162252665,0.6541926264762878,0.07644321024417877,-0.009455102495849133,0.6518579721450806,0.08089990168809891,-0.019567007198929787,0.6543079614639282,0.0984363704919815,-0.02376021258533001,0.6685804128646851,0.10884667932987213,-0.00029480247758328915,0.6571924090385437,0.07516356557607651,-0.008756889030337334,0.6553534865379333,0.08074729889631271,-0.015515996143221855,0.6566269397735596,0.09735758602619171,-0.018183572217822075,0.6713834404945374,0.1094321683049202,-0.004164852201938629,0.6609792113304138,0.07858063280582428,-0.010141704231500626,0.6580305099487305,0.08320335298776627,-0.012796971015632153,0.6578933596611023,0.09752973169088364,-0.01258532889187336,0.674951434135437,0.11216255277395248,-0.008612329140305519,0.6645528078079224,0.08551035821437836,-0.01127201970666647,0.6603801250457764,0.08520463109016418,-0.010579045861959457,0.6592699885368347,0.09458910673856735,-0.008419355377554893,Z
0.6925410628318787,0.19958198070526123,-2.7802195745607605e-07,0.6693898439407349,0.18198162317276,-0.009267700836062431,0.653782844543457,0.1517421156167984,-0.014468374662101269,0.6430373787879944,0.12713082134723663,-0.01960299350321293,0.6350682973861694,0.10994517803192139,-0.0231576319783926,0.6887297630310059,0.11183448880910873,-0.007206921931356192,0.6643451452255249,0.07431776821613312,-0.01949695497751236,0.642269492149353,0.0758948028087616,-0.029552990570664406,0.63252854347229,0.09060709178447723,-0.03424970060586929,0.691805899143219,0.10830994695425034,-0.006644128356128931,0.6686033606529236,0.07177025079727173,-0.015110473148524761,0.6459856629371643,0.07267381250858307,-0.021288162097334862,0.6345832943916321,0.0857393816113472,-0.024442220106720924,0.6919833421707153,0.10821667313575745,-0.00774726876989007,0.6702470779418945,0.0736902505159378,-0.014718350023031235,0.6482409834861755,0.0740172415971756,-0.01776355318725109,0.6383392214775085,0.08523428440093994,-0.018342964351177216,0.6893858909606934,0.11118985712528229,-0.009713041596114635,0.6708701252937317,0.0806274563074112,-0.014957480132579803,0.6526411175727844,0.07618805766105652,-0.015446160919964314,0.6425890326499939,0.08350349962711334,-0.013845879584550858,Z
0.6861411929130554,0.19731728732585907,-3.0219433710954036e-07,0.6670899391174316,0.17547227442264557,-0.0037234965711832047,0.6601377725601196,0.1495780050754547,-0.007957052439451218,0.6523243188858032,0.12894505262374878,-0.013998077251017094,0.6429956555366516,0.11466312408447266,-0.019056865945458412,0.6912890076637268,0.11070649325847626,0.0006198343471623957,0.6682560443878174,0.07652252912521362,-0.012637810781598091,0.6478521823883057,0.0807933360338211,-0.023582512512803078,0.6379091739654541,0.0976952537894249,-0.028382698073983192,0.6925222277641296,0.10866948962211609,-0.0021490929648280144,0.6678245663642883,0.07316356152296066,-0.012566518038511276,0.6467393636703491,0.07911202311515808,-0.018764149397611618,0.6367618441581726,0.0957830473780632,-0.02085217647254467,0.6916037797927856,0.10904547572135925,-0.0065839109010994434,0.6687917709350586,0.07359470427036285,-0.015881052240729332,0.6475940346717834,0.07934053242206573,-0.017877038568258286,0.6383526921272278,0.09567580372095108,-0.0165251512080431,0.6885163187980652,0.11171133071184158,-0.011590979062020779,0.6699662804603577,0.08309012651443481,-0.017634449526667595,0.6529106497764587,0.08375533670186996,-0.01704753376543522,0.6435984969139099,0.095488041639328,-0.014218081720173359,Z
0.6799024939537048,0.19715946912765503,-3.076905557009013e-07,0.657737672328949,0.17550913989543915,-0.0008071006741374731,0.6426966190338135,0.1483103632926941,-0.0038436076138168573,0.6315641403198242,0.12812918424606323,-0.00938502512872219,0.6233798265457153,0.11317239701747894,-0.014300490729510784,0.6735196113586426,0.1029040589928627,0.00757841719314456,0.6487013101577759,0.07557361572980881,-0.0038367786910384893,0.6269482374191284,0.07828286290168762,-0.015741322189569473,0.6164014935493469,0.09266288578510284,-0.0220399908721447,0.6758835911750793,0.10043445974588394,0.0029758065938949585,0.6500962972640991,0.07260727882385254,-0.0040067629888653755,0.6276834011077881,0.07676290720701218,-0.01176163274794817,0.6163681149482727,0.09186446666717529,-0.0163289625197649,0.6769198179244995,0.10185284912586212,-0.0033386254217475653,0.6518047451972961,0.0754774808883667,-0.008890233933925629,0.6292223334312439,0.0795002207159996,-0.012269055470824242,0.6191318035125732,0.09401852637529373,-0.013537831604480743,0.6766080260276794,0.10748051106929779,-0.01023776549845934,0.655099630355835,0.08374537527561188,-0.013500187546014786,0.6365152597427368,0.08353056013584137,-0.012863068841397762,0.6261743307113647,0.09381414949893951,-0.010957838967442513,Z
0.6640300154685974,0.19891446828842163,-3.924123461729323e-07,0.6468563675880432,0.17167118191719055,0.0015535590937361121,0.6396113634109497,0.1390395164489746,2.2724763766746037e-05,0.6337044835090637,0.11540327966213226,-0.00471788365393877,0.6264817118644714,0.09877464920282364,-0.008705164305865765,0.6662306189537048,0.10044965147972107,0.009468236938118935,0.6383709907531738,0.06885930895805359,-0.0031127918045967817,0.6172521114349365,0.07978786528110504,-0.014483618550002575,0.6105574369430542,0.10131832957267761,-0.01974163018167019,0.665393590927124,0.09762493520975113,0.0040603517554700375,0.6351228952407837,0.06865278631448746,-0.005158231593668461,0.6143151521682739,0.08125514537096024,-0.011986988596618176,0.6083219647407532,0.10204125940799713,-0.014852597378194332,0.6628384590148926,0.09907227009534836,-0.0029852150473743677,0.6338756084442139,0.07066097855567932,-0.01094191987067461,0.6142094135284424,0.08358652889728546,-0.012906534597277641,0.6100242733955383,0.10362128913402557,-0.012223013676702976,0.6587870121002197,0.10353705286979675,-0.010223234072327614,0.6341438293457031,0.07879231125116348,-0.014995508827269077,0.6183179616928101,0.08638039976358414,-0.013405491597950459,0.6144430041313171,0.10204094648361206,-0.010087668895721436,Z
0.6715091466903687,0.1899152249097824,-3.1661102184443735e-07,0.6576454639434814,0.16530099511146545,0.0015904032625257969,0.6528667211532593,0.1354537308216095,0.00039156703860498965,0.648905336856842,0.11140726506710052,-0.003593956120312214,0.6417661905288696,0.09404832124710083,-0.00682900520041585,0.6758621335029602,0.10324237495660782,0.0058717019855976105,0.6527602672576904,0.06745739281177521,-0.00503211235627532,0.6325821876525879,0.07394826412200928,-0.014149428345263004,0.6258325576782227,0.09151183068752289,-0.018116919323801994,0.6757926344871521,0.10121750086545944,0.0010005367221310735,0.6513710618019104,0.06642478704452515,-0.007077719550579786,0.6314897537231445,0.07364720106124878,-0.012920977547764778,0.6241840124130249,0.09042459726333618,-0.015505918301641941,0.673193097114563,0.10169745981693268,-0.005055462475866079,0.6501195430755615,0.06774216890335083,-0.011968827806413174,0.6302170157432556,0.0752115324139595,-0.014014690183103085,0.623610258102417,0.09167412668466568,-0.013778746128082275,0.6681473255157471,0.10375311970710754,-0.011173240840435028,0.6484120488166809,0.07577560842037201,-0.015809454023838043,0.6326762437820435,0.07934202253818512,-0.015205000527203083,0.6268049478530884,0.09274732321500778,-0.012991850264370441,Z
0.6774508357048035,0.1920415312051773,-3.376237316388142e-07,0.6592127084732056,0.17147114872932434,1.9858434825437143e-05,0.6500441431999207,0.1421142816543579,-0.0010140150552615523,0.6435461640357971,0.1191229596734047,-0.004326628986746073,0.6364304423332214,0.10323575884103775,-0.006790786981582642,0.6751934289932251,0.10346022248268127,0.006825892720371485,0.6512963771820068,0.07329357415437698,-0.0035303172189742327,0.6295532584190369,0.07857424020767212,-0.013503499329090118,0.6193053722381592,0.09588856250047684,-0.018120476976037025,0.6750389337539673,0.1002376526594162,0.0032170896884053946,0.6499893665313721,0.07175031304359436,-0.0036587442737072706,0.6285942792892456,0.07817667722702026,-0.010427146218717098,0.6172789335250854,0.09529303759336472,-0.013736555352807045,0.6727004051208496,0.10029373317956924,-0.0017006613779813051,0.6488507390022278,0.07319721579551697,-0.006973734591156244,0.6276682615280151,0.07989563792943954,-0.009806978516280651,0.6176956295967102,0.0957937091588974,-0.010332800447940826,0.6684841513633728,0.1032622829079628,-0.006925065070390701,0.6472140550613403,0.08096561580896378,-0.009911838918924332,0.6300168633460999,0.08271536976099014,-0.009337933734059334,0.6208821535110474,0.09366082400083542,-0.007254014257341623,Z
0.6825331449508667,0.19339421391487122,-2.855488503428205e-07,0.6613404750823975,0.17408886551856995,-0.004316412378102541,0.6457143425941467,0.14733263850212097,-0.00788687914609909,0.633962094783783,0.12531639635562897,-0.012651393190026283,0.6249948143959045,0.10965370386838913,-0.016186418011784554,0.6732817888259888,0.10624998807907104,9.581676749803592e-06,0.6502262949943542,0.07206685096025467,-0.011022361926734447,0.629488468170166,0.07592113316059113,-0.020740268751978874,0.6213185787200928,0.09246843308210373,-0.02523132786154747,0.6745994687080383,0.10395607352256775,-0.00144345557782799,0.65095055103302,0.07067777216434479,-0.009119473397731781,0.6299289464950562,0.07557164877653122,-0.014855283312499523,0.6210057139396667,0.09124261140823364,-0.01743665710091591,0.6742355823516846,0.10474695265293121,-0.0044735874980688095,0.6521296501159668,0.07423967123031616,-0.010435868054628372,0.6315596103668213,0.07853636145591736,-0.012883019633591175,0.6234524846076965,0.0930136889219284,-0.013060618191957474,0.6731590628623962,0.10877764970064163,-0.00809189211577177,0.6541730761528015,0.0830175131559372,-0.012021014466881752,0.6366267800331116,0.08209427446126938,-0.011836767196655273,0.6273804306983948,0.09174536913633347,-0.009918566793203354,Z
0.6747329831123352,0.19666063785552979,-3.3327285109407967e-07,0.6577039361000061,0.1748712658882141,-0.002296105260029435,0.6491773724555969,0.14469458162784576,-0.004900854080915451,0.642666220664978,0.12182267755270004,-0.0096207894384861,0.6343047022819519,0.10560889542102814,-0.013198254629969597,0.6752127408981323,0.10597595572471619,0.003867292543873191,0.6507479548454285,0.07154741883277893,-0.008624320849776268,0.6279513835906982,0.07610379904508591,-0.019426856189966202,0.6178753972053528,0.09439171105623245,-0.024370232596993446,0.6743841171264648,0.10259900987148285,0.0005098264082334936,0.6483803391456604,0.06947015225887299,-0.00851425901055336,0.6256248950958252,0.07561735808849335,-0.015307633206248283,0.6145185828208923,0.09380796551704407,-0.018228616565465927,0.6716950535774231,0.10214466601610184,-0.004508987069129944,0.6457962393760681,0.07139907777309418,-0.011087398044764996,0.6237260103225708,0.07804840803146362,-0.013458365574479103,0.614548921585083,0.09475421905517578,-0.013497912324965,0.6677295565605164,0.10473214834928513,-0.010138538666069508,0.6449246406555176,0.08057267218828201,-0.01426263153553009,0.6272067427635193,0.08307063579559326,-0.013735980726778507,0.6192423701286316,0.09538498520851135,-0.011515299789607525,Z
0.6809552907943726,0.19028446078300476,-3.0421443852901575e-07,0.6631042957305908,0.17215164005756378,-0.003227331442758441,0.6530073881149292,0.14327466487884521,-0.004962500184774399,0.6467920541763306,0.11845877766609192,-0.007882327772676945,0.6400682330131531,0.10105747729539871,-0.009453091770410538,0.6764717102050781,0.1071171909570694,-4.49676372227259e-06,0.653924822807312,0.07317441701889038,-0.010252714157104492,0.6317198872566223,0.07595056295394897,-0.018867800012230873,0.6203575730323792,0.09029333293437958,-0.022665131837129593,0.676795482635498,0.1031784862279892,-0.0015214349841699004,0.652915894985199,0.07210983335971832,-0.008431649766862392,0.6328950524330139,0.0755063146352768,-0.013935941271483898,0.6214134693145752,0.0900348499417305,-0.01663239672780037,0.6744642853736877,0.10306987911462784,-0.004260390996932983,0.6523317694664001,0.07366487383842468,-0.009804543107748032,0.6330172419548035,0.07732970267534256,-0.012088567949831486,0.6220596432685852,0.09058493375778198,-0.012327265925705433,0.6699379086494446,0.1056642085313797,-0.007391287945210934,0.6511270403862,0.08110785484313965,-0.010789836756885052,0.6351286768913269,0.0799127072095871,-0.0104240532964468,0.6249895095825195,0.08836515992879868,-0.008563079871237278,Z
0.6545296907424927,0.18740977346897125,-2.7728748364097555e-07,0.6357844471931458,0.16935260593891144,-0.00375515129417181,0.6250855326652527,0.14405576884746552,-0.006535309832543135,0.6182498335838318,0.12274151295423508,-0.010563503950834274,0.6120145916938782,0.10780557245016098,-0.013347890228033066,0.6474359035491943,0.10087591409683228,0.0026050307787954807,0.6251502633094788,0.0715210884809494,-0.006477915681898594,0.606232225894928,0.07594002038240433,-0.015556816942989826,0.5979293584823608,0.0910784900188446,-0.019907131791114807,0.6475412845611572,0.09806974977254868,0.0014376274775713682,0.6245553493499756,0.07015042006969452,-0.004164310172200203,0.6074072122573853,0.07567016780376434,-0.009900309145450592,0.5986737012863159,0.090866819024086,-0.012933666817843914,0.6459202170372009,0.09901980310678482,-0.0011140218703076243,0.6247210502624512,0.07245111465454102,-0.005429603159427643,0.6085487008094788,0.07801292836666107,-0.0079294852912426,0.600727379322052,0.09248628467321396,-0.008526665158569813,0.6428269743919373,0.10279692709445953,-0.004196780733764172,0.6246483325958252,0.0799626037478447,-0.006177571136504412,0.6112642288208008,0.08052214980125427,-0.005383700598031282,0.6035526394844055,0.089602991938591,-0.0034144434612244368,Z
